Location,Latitude,Longitude,Status,NDVI,Area_Acres,Timestamp,Analysis_Type
Drawn Area,20.019508777777776,72.85827633333332,Healthy Ecosystem 🌳,0.442,250,2025-03-28 02:44:06,Draw Area Analysis
Drawn Area,23.538543,76.886719,Healthy Ecosystem 🌳,0.491,250,2025-03-28 02:44:44,Draw Area Analysis
Drawn Area,23.538543,76.886719,Healthy Ecosystem 🌳,0.67,250,2025-03-28 02:48:09,Draw Area Analysis
Drawn Area,27.977258666666668,65.288086,Degraded Land 🔥,0.178,250,2025-03-28 02:48:25,Draw Area Analysis
Drawn Area,27.977258666666668,65.288086,Healthy Ecosystem 🌳,0.737,250,2025-03-28 02:48:40,Draw Area Analysis
Drawn Area,27.977258666666668,65.288086,Moderate Land ⚠️,0.359,250,2025-03-28 02:48:43,Draw Area Analysis
Drawn Area,27.977258666666668,65.288086,Healthy Ecosystem 🌳,0.501,250,2025-03-28 02:48:44,Draw Area Analysis
Drawn Area,27.977258666666668,65.288086,Degraded Land 🔥,0.051,250,2025-03-28 02:48:44,Draw Area Analysis
Drawn Area,27.977258666666668,65.288086,Moderate Land ⚠️,0.272,250,2025-03-28 02:48:45,Draw Area Analysis
Drawn Area,27.977258666666668,65.288086,Healthy Ecosystem 🌳,0.704,250,2025-03-28 02:48:45,Draw Area Analysis
Drawn Area,27.977258666666668,65.288086,Healthy Ecosystem 🌳,0.503,250,2025-03-28 02:48:45,Draw Area Analysis
Drawn Area,27.977258666666668,65.288086,Degraded Land 🔥,0.146,250,2025-03-28 02:48:45,Draw Area Analysis
Drawn Area,27.977258666666668,65.288086,Healthy Ecosystem 🌳,0.538,250,2025-03-28 02:48:45,Draw Area Analysis
Drawn Area,27.977258666666668,65.288086,Healthy Ecosystem 🌳,0.474,250,2025-03-28 02:48:49,Draw Area Analysis
Drawn Area,27.977258666666668,65.288086,Healthy Ecosystem 🌳,0.512,250,2025-03-28 02:48:49,Draw Area Analysis
Drawn Area,27.977258666666668,65.288086,Healthy Ecosystem 🌳,0.763,250,2025-03-28 02:48:50,Draw Area Analysis
Drawn Area,27.977258666666668,65.288086,Healthy Ecosystem 🌳,0.584,250,2025-03-28 02:48:50,Draw Area Analysis
Drawn Area,27.977258666666668,65.288086,Healthy Ecosystem 🌳,0.766,250,2025-03-28 02:48:51,Draw Area Analysis
Drawn Area,27.977258666666668,65.288086,Healthy Ecosystem 🌳,0.602,250,2025-03-28 02:48:52,Draw Area Analysis
Drawn Area,27.977258666666668,65.288086,Degraded Land 🔥,0.178,250,2025-03-28 02:48:52,Draw Area Analysis
Drawn Area,27.977258666666668,65.288086,Degraded Land 🔥,0.092,250,2025-03-28 02:48:52,Draw Area Analysis
Drawn Area,27.977258666666668,65.288086,Degraded Land 🔥,0.182,250,2025-03-28 02:48:52,Draw Area Analysis
